id;tittle;content;date
1;Singapore Pernambuco;../fake-data/blob/hipster.txt;2023-10-02T06:03:46
2;Orchestrator;../fake-data/blob/hipster.txt;2023-10-02T11:12:22
3;world-class Chapéu;../fake-data/blob/hipster.txt;2023-10-02T00:09:12
4;solutions;../fake-data/blob/hipster.txt;2023-10-02T09:21:49
5;Loan;../fake-data/blob/hipster.txt;2023-10-01T22:35:11
6;Pataca;../fake-data/blob/hipster.txt;2023-10-02T13:57:24
7;Piauí Travessa;../fake-data/blob/hipster.txt;2023-10-01T23:20:40
8;repurpose Dinamarca blockchains;../fake-data/blob/hipster.txt;2023-10-01T22:15:54
9;system;../fake-data/blob/hipster.txt;2023-10-02T00:04:30
10;backing;../fake-data/blob/hipster.txt;2023-10-02T09:42:07
